id,title,description,availability,condition,price,link,image_link,brand
1,Sourdough Cheese Bread,Classic sourdough with a cheesy twist.,in stock,new,2.88 USD,https://www.ovenart.co.zw/,https://upload.wikimedia.org/wikipedia/commons/6/67/Loaf_of_sourdough_bread_cooling.jpg,Oven Art Bakery
2,Swiss Seed Loaf,Seeded loaf packed with wholesome Swiss seeds.,in stock,new,2.88 USD,https://www.ovenart.co.zw/,https://upload.wikimedia.org/wikipedia/commons/6/67/Loaf_of_sourdough_bread_cooling.jpg,Oven Art Bakery
3,Sourdough White,"Light, airy sourdough with a crisp crust.",in stock,new,2.30 USD,https://www.ovenart.co.zw/,https://upload.wikimedia.org/wikipedia/commons/6/67/Loaf_of_sourdough_bread_cooling.jpg,Oven Art Bakery
4,Sourdough Brown,"Overnight wholemeal sourdough, rich and hearty.",in stock,new,2.30 USD,https://www.ovenart.co.zw/,https://upload.wikimedia.org/wikipedia/commons/6/67/Loaf_of_sourdough_bread_cooling.jpg,Oven Art Bakery
5,Health Loaf,Nutritious loaf with wholesome ingredients.,in stock,new,2.88 USD,https://www.ovenart.co.zw/,https://upload.wikimedia.org/wikipedia/commons/6/67/Loaf_of_sourdough_bread_cooling.jpg,Oven Art Bakery
6,Rosemary & Olive Oil Bread,"Rustic rosemary and olive oil bread, crispy crust.",in stock,new,2.88 USD,https://www.ovenart.co.zw/,https://upload.wikimedia.org/wikipedia/commons/6/67/Loaf_of_sourdough_bread_cooling.jpg,Oven Art Bakery
7,Plain Ciabatta,"Chewy centre, crisp golden crust.",in stock,new,2.30 USD,https://www.ovenart.co.zw/,https://upload.wikimedia.org/wikipedia/commons/6/67/Loaf_of_sourdough_bread_cooling.jpg,Oven Art Bakery
8,Pizza - Chicken & Mushroom,Tender chicken and mushroom on a hand-stretched base.,in stock,new,5.03 USD,https://www.ovenart.co.zw/,https://upload.wikimedia.org/wikipedia/commons/2/20/Frozen_Celeste_Pizza_For_One_June_2018.jpg,Oven Art Bakery
9,Pizza - Hawaiian,Ham and pineapple classic.,in stock,new,5.03 USD,https://www.ovenart.co.zw/,https://upload.wikimedia.org/wikipedia/commons/2/20/Frozen_Celeste_Pizza_For_One_June_2018.jpg,Oven Art Bakery
10,Pizza - BBQ Steak,Smoky BBQ sauce with tender steak.,in stock,new,5.03 USD,https://www.ovenart.co.zw/,https://upload.wikimedia.org/wikipedia/commons/2/20/Frozen_Celeste_Pizza_For_One_June_2018.jpg,Oven Art Bakery
11,Pizza - Margherita,"Simple, fresh tomato and mozzarella.",in stock,new,5.03 USD,https://www.ovenart.co.zw/,https://upload.wikimedia.org/wikipedia/commons/2/20/Frozen_Celeste_Pizza_For_One_June_2018.jpg,Oven Art Bakery
12,Pizza - Vegetarian,Fresh garden vegetables on a crispy base.,in stock,new,5.03 USD,https://www.ovenart.co.zw/,https://upload.wikimedia.org/wikipedia/commons/2/20/Frozen_Celeste_Pizza_For_One_June_2018.jpg,Oven Art Bakery
13,Plain Tortilla Large (6 Pack),"Soft large plain tortilla wraps, pack of 6.",in stock,new,2.77 USD,https://www.ovenart.co.zw/,https://upload.wikimedia.org/wikipedia/commons/0/05/Tortilla.JPG,Oven Art Bakery
14,Plain Tortilla Small (6 Pack),"Soft small plain tortilla wraps, pack of 6.",in stock,new,2.08 USD,https://www.ovenart.co.zw/,https://upload.wikimedia.org/wikipedia/commons/0/05/Tortilla.JPG,Oven Art Bakery
15,Whole Wheat Tortilla Large (6 Pack),"Wholesome whole wheat large wraps, pack of 6.",in stock,new,2.91 USD,https://www.ovenart.co.zw/,https://upload.wikimedia.org/wikipedia/commons/0/05/Tortilla.JPG,Oven Art Bakery
16,Whole Wheat Tortilla Small (6 Pack),"Wholesome whole wheat small wraps, pack of 6.",in stock,new,2.22 USD,https://www.ovenart.co.zw/,https://upload.wikimedia.org/wikipedia/commons/0/05/Tortilla.JPG,Oven Art Bakery
